-- Insert data into Employees
INSERT INTO Employees (Employee_ID, Em_Prefix, Em_FirstName, Em_LastName, Em_Phone, Em_Email)
VALUES
(1, 'Mr.', 'John', 'Doe', '0123456789', 'john.doe@example.com'),
(2, 'Ms.', 'Jane', 'Smith', '0987654321', 'jane.smith@example.com'),
(3, 'Mr.', 'Mike', 'Brown', '0123456780', 'mike.brown@example.com'),
(4, 'Ms.', 'Emma', 'Davis', '0987654322', 'emma.davis@example.com'),
(5, 'Mr.', 'Liam', 'Wilson', '0123456781', 'liam.wilson@example.com');

-- Insert data into Physician
INSERT INTO Physician (Physician_ID, Physician_Name, Physician_Phone)
VALUES
(1, 'Dr. Adams', '0123456789'),
(2, 'Dr. Baker', '0987654321'),
(3, 'Dr. Clark', '0123456782'),
(4, 'Dr. Thompson', '0987654323'),
(5, 'Dr. Scott', '0123456784');

-- Insert data into Reception
INSERT INTO Reception (Reception_ID, Re_Prefix, Re_FirstName, Re_LastName, Re_Phone, Re_Email)
VALUES
(1, 'Ms.', 'Mary', 'Johnson', '0123456789', 'mary.johnson@example.com'),
(2, 'Mr.', 'James', 'Williams', '0987654321', 'james.williams@example.com'),
(3, 'Ms.', 'Sophia', 'Taylor', '0123456783', 'sophia.taylor@example.com'),
(4, 'Mr.', 'Noah', 'Anderson', '0987654324', 'noah.anderson@example.com'),
(5, 'Ms.', 'Olivia', 'Thomas', '0123456785', 'olivia.thomas@example.com');

-- Insert data into Member
INSERT INTO Member (Member_ID, Card_ID, Me_Prefix, Me_FirstName, Me_LastName, Me_BirthDay, Me_Religion, Me_Ethnicity, Me_Nationality, Me_Gender, Me_Status, Me_Blood, Me_Address, Me_SubDistric, Me_Distric, Me_Province, Me_PostalCode, Me_Phone, Me_Email, Me_Drug, Me_Disease)
VALUES
(1, '1234567890123', 'Mr.', 'Mark', 'Twain', '1980-01-01', 'Christian', 'American', 'USA', 'Male', 'Single', 'O', '123 Elm St', 'Downtown', 'Metro', 'State', '12345', '0123456789', 'mark.twain@example.com', 'None', 'None'),
(2, '1234567890124', 'Ms.', 'Harriet', 'Beecher', '1985-05-05', 'Christian', 'American', 'USA', 'Female', 'Married', 'A', '456 Oak St', 'Uptown', 'Metro', 'State', '54321', '0987654321', 'harriet.beecher@example.com', 'None', 'None'),
(3, '1234567890125', 'Mr.', 'Tom', 'Sawyer', '1990-07-15', 'Christian', 'American', 'USA', 'Male', 'Single', 'B', '789 Pine St', 'Midtown', 'Metro', 'State', '67890', '0123456786', 'tom.sawyer@example.com', 'None', 'None'),
(4, '1234567890126', 'Ms.', 'Becky', 'Thatcher', '1992-11-21', 'Christian', 'American', 'USA', 'Female', 'Single', 'A', '321 Maple St', 'Downtown', 'Metro', 'State', '12346', '0987654325', 'becky.thatcher@example.com', 'None', 'None'),
(5, '1234567890127', 'Mr.', 'Huckleberry', 'Finn', '1988-03-12', 'Christian', 'American', 'USA', 'Male', 'Single', 'AB', '654 Cedar St', 'Uptown', 'Metro', 'State', '54322', '0123456787', 'huckleberry.finn@example.com', 'None', 'None');

-- Insert data into PackageLab
INSERT INTO PackageLab (PackageLab_ID, PackageLab_Name, PackageLab_Price)
VALUES
(1, 'Comprehensive Lab Package', 1500.00),
(2, 'Basic Lab Package', 800.00),
(3, 'Health Check Package', 1200.00),
(4, 'Diabetes Screening Package', 600.00),
(5, 'Heart Health Package', 1300.00);

-- Insert data into LabTest
INSERT INTO LabTest (LabTest_ID, LabTest_Name, LabTest_Default, LabTest_Unit, LabTest_Type, LabTest_Catagory, LabTest_Price) VALUES
(1, 'CBC', NULL, NULL, 'EDTA', 'Hemotology', 120),
(2, 'Hematocrit', '36-50', '%​', 'EDTA', 'Hemotology', 30),
(3, 'ESR', '0-20', 'mm/h', 'EDTA', 'Hemotology', 50),
(4, 'PT, INR', '11-13.5 , 0.8-1.1', 'second', 'Na Citrate', 'Hemotology', 75),
(5, 'aPTT', '25-33', 'second', 'Na Citrate', 'Hemotology', 85),
(6, 'TT', '12 to 19', 'second', 'Na Citrate', 'Hemotology', 80),
(7, 'ABO gr.', 'A, B, AB, O', NULL, 'EDTA', 'Blood bank', 100),
(8, 'Rh gr.', 'Rh-positive / Rh-negative', NULL, 'EDTA', 'Blood bank', 50),
(9, 'Urine Analysis', 'No', NULL, 'Urine', 'Microscopy', 100),
(10, 'Pregnancy Test', 'no hCG', NULL, 'Urine', 'Microscopy', 80),
(11, 'Stool Exam', 'no', NULL, 'Stool', 'Microscopy', 160),
(12, 'Occult Blood', 'no', NULL, 'Stool', 'Microscopy', 80),
(13, 'Wet Smear', 'no', NULL, 'vaginal', 'Microscopy', 60),
(14, 'RPR', 'no Syphilis', NULL, 'Clot blood', 'Serology', 50),
(15, 'TPHA', 'negative', NULL, 'Serum', 'Serology', 200),
(16, 'HIV Ag/Ab', 'negative', NULL, 'Clot blood', 'Serology', 150),
(17, 'HBsAg', 'negative', NULL, 'Clot blood', 'Serology', 160),
(18, 'Anti-HBs', 'antibody b', NULL, 'Clot blood', 'Serology', 180),
(19, 'Anti-HCV', 'negative', NULL, 'Clot blood', 'Serology', 300),
(20, 'Anti-HBc Total', 'negative', NULL, 'Serum', 'Serology', 260),
(21, 'Anti-HBc lgM', 'negative', NULL, 'Serum', 'Serology', 300),
(22, 'Anti-HAV lgM', 'negative', NULL, 'Serum', 'Serology', 400),
(23, 'HBeAg', 'negative', NULL, 'Serum', 'Serology', 300),
(24, 'Melioid titer', 'no bacteria', NULL, 'Clot blood', 'Serology', 110),
(25, 'CA 125', '< 35', 'U/mL', 'Clot blood', 'Tumor marker', 600),
(26, 'Ca 15-3', '< 30', 'U/mL', 'Clot blood', 'Tumor marker', 450),
(27, 'CA 19-9', '< 37', 'U/mL', 'Clot blood', 'Tumor marker', 600),
(28, 'AFP', '< 10', 'ng/mL', 'Clot blood', 'Tumor marker', 300),
(29, 'CEA', '< 5', 'ng/mL', 'Clot blood', 'Tumor marker', 300),
(30, 'PSA', '< 4', 'ng/mL', 'Clot blood', 'Tumor marker', 400),
(31, 'B HCG', 'no bacteria', NULL, 'Clot blood', 'Tumor marker', 300),
(32, 'Free T4', '0.7-2.0', 'ng/mL', 'Clot blood', 'Hormone assay', 210),
(33, 'Free T3', '2.3-4.2', 'ng/mL', 'Clot blood', 'Hormone assay', 210),
(34, 'TSH', '0.4-4.0', 'mIU/L', 'Clot blood', 'Hormone assay', 220),
(35, 'Cortisol', '6.0-23.0', 'mcg/dL', 'Clot blood', 'Hormone assay', 300),
(36, 'Blood Sugar', '70-99', 'mg/dL', 'NaF', 'Biochemistry', 45),
(37, 'BUN', '7.0-20.0', 'mg/dL', 'Clot blood', 'Biochemistry', 50),
(38, 'Creatinine', '0.6-1.3', 'mg/dL', 'Clot blood', 'Biochemistry', 50),
(39, 'GFR', '> 90', 'mL/min/1.73m²', NULL, 'Biochemistry', NULL),
(40, 'Uric acid', '3.5-7.2', 'mg/dL', 'Clot blood', 'Biochemistry', 60),
(41, 'Electrolyte (Na, Cl, K, CO2)', '135-145, 3.5-5.0, 96-106, 23-29', 'mmol/L', 'Clot blood', 'Biochemistry', 160),
(42, 'HbAlC', '< 5.7', '%', 'EDTA', 'Biochemistry', 170),
(43, 'Calcium', '8.6-10.2', 'mg/dL', 'Clot blood', 'Biochemistry', 50),
(44, 'Phosphorus', '2.5-4.5', 'mg/dL', 'Clot blood', 'Biochemistry', 50),
(45, 'Magnesium', '1.7-2.2', 'mg/dL', 'Clot blood', 'Biochemistry', 60),
(46, 'Serum Iron', '50-170', 'mcg/dL', 'Clot blood', 'Biochemistry', 160),
(47, 'TIBC', '240-450', 'mcg/dL', 'Clot blood', 'Biochemistry', 170),
(48, 'Ferritin', '12-300', 'ng/mL', 'Clot blood', 'Biochemistry', 350),
(49, 'GGT', '9.0-48', 'U/L', 'Clot blood', 'Biochemistry', 130),
(50, 'Cholesterol LFT', '< 200', 'mg/dL', 'Clot blood', 'LFT', 60),
(51, 'Total protein', '6.0-8.3', 'g/dL', 'Clot blood', 'LFT', 60),
(52, 'Albumin', '3.5-5.0', 'g/dL', 'Clot blood', 'LFT', 55),
(53, 'Direct bilirubin', '< 0.3', 'mg/dL', 'Clot blood', 'LFT', 50),
(54, 'Total bilirubin', '< 1.2', 'mg/dL', 'Clot blood', 'LFT', 50),
(55, 'AST(SGOT)', '8.0-48', 'U/L', 'Clot blood', 'LFT', 55),
(56, 'ALT(SGPT)', '7.0-55', 'U/L', 'Clot blood', 'LFT', 55),
(57, 'Alkaline Phosphatase', '44-147', 'U/L', 'Clot blood', 'LFT', 55),
(58, 'Cholesterol Lupid Profile', '< 200', 'mg/dL', 'Clot blood', 'Lupid Profile', 60),
(59, 'Triglyceride', '< 150', 'mg/dL', 'Clot blood', 'Lupid Profile', 60),
(60, 'HDL-Cholesterol', '> 60', 'mg/dL', 'Clot blood', 'Lupid Profile', 100),
(61, 'LDL-Cholesterol', '< 100', 'mg/dL', 'Clot blood', 'Lupid Profile', 0),
(62, 'LDL-Direct', '< 100', 'mg/dL', 'Clot blood', 'Lupid Profile', 150),
(63, 'Creatinine 24 hrs', '500-2000', 'mg/day', 'Urine 24 hrs', 'Urine Chemistry', 80),
(64, 'Protein 24 hrs', '< 150', 'mg/day', 'Urine 24 hrs', 'Urine Chemistry', 90),
(65, 'Creatinine random', '< 30', 'mg/g', 'Urine', 'Urine Chemistry', 50),
(66, 'Protein random', '< 15', 'mg/dL', 'Urine', 'Urine Chemistry', 40),
(67, 'Microalbumin', '< 30', 'mg/g', 'Urine', 'Urine Chemistry', 370),
(68, 'Urine Na K Cl', '40-220, 25-125, 110-250', 'mEq/day', 'Urine', 'Urine Chemistry', 130),
(69, 'AFB stain', 'negative', NULL, NULL, 'CULTURE', 60),
(70, 'Gram stain', 'negative', NULL, NULL, 'CULTURE', 65),
(71, 'Hemo I', 'no detect', NULL, NULL, 'CULTURE', NULL),
(72, 'Hemo II', 'no detect', NULL, NULL, 'CULTURE', NULL),
(73, 'Sputum', 'no detect', NULL, NULL, 'CULTURE', NULL),
(74, 'PUS', 'no detect', NULL, NULL, 'CULTURE', NULL),
(75, 'Urine', 'no detect', NULL, NULL, 'CULTURE', NULL),
(76, 'RSC', '4.2-6.1', 'mc/uL', NULL, 'CULTURE', NULL),
(77, 'Fluid', 'no detect', NULL, NULL, 'CULTURE', NULL),
(78, 'CSF', 'no detect, 40-70', 'mg/dL', NULL, 'CULTURE', NULL),
(79, 'LDH', '140-280', 'U/L', 'Serum/Fluid', 'Out Lab chem', 70),
(80, 'CPK', '22-198', 'U/L', 'Serun', 'Out Lab chem', 100),
(81, 'Amylase (Urine)', '30-220', 'U/L', 'Urine', 'Out Lab chem', 90),
(82, 'Amylase (Serum)', '30-110', 'U/L', 'Serum', 'Out Lab chem', 130),
(83, 'ADA  (Urine)', 'no increase ADA', NULL, 'Urine', 'Out Lab chem', 200),
(84, 'ADA  (Serum)', '< 40', 'U/L', 'Serum', 'Out Lab chem', 200),
(85, 'Osmolarity (Urine)', '500-850', 'mOsm/kg', 'Urine', 'Out Lab chem', 120),
(86, 'Osmolarity (Serum)', '275-295', 'mOsm/kg', 'Serum', 'Out Lab chem', 130),
(87, 'Ketone', 'not found ketone', NULL, 'Serum', 'Out Lab chem', 150),
(88, 'Lipase', '0-160', 'U/L', 'Serum', 'Out Lab chem', 250),
(89, 'Transferin', '200-400', 'mg/dL', 'Serum', 'Out Lab chem', 300),
(90, 'Parathyroid', '10.0-65', 'pg/mL', 'Fluid', 'Out Lab chem', 210),
(91, 'L-Lactate', '0.5-2.2', 'mmol/L', 'NaF plasma', 'Out Lab chem', 150),
(92, 'Troponin I', '< 0.04', 'ng/mL', 'Serum', 'Out Lab chem', 300),
(93, 'Prolactin', '2.1-30', 'ng/mL', 'Serum', 'Out Lab chem', 500),
(94, 'LH', '1.24-20', 'IU/L', 'Serum', 'Out Lab chem', 280),
(95, 'FSH', '1.5-12.5', 'IU/L', 'Serum', 'Out Lab chem', 280),
(96, 'Estradiol (E2)', '15-350', 'pg/mL', 'Serum', 'Out Lab chem', 360),
(97, 'Insulin', '2.0-25', 'mU/L', 'Serum', 'Out Lab chem', 280),
(98, 'Testosterone', '15-1000', 'ng/dL', 'Serum', 'Out Lab chem', 280),
(99, 'Thyroglobulin', '< 55', 'ng/mL', 'Serum', 'Out Lab chem', 400),
(100, 'Anti Thyroglobulin', 'not found anti-body', NULL, 'Serum', 'Out Lab chem', 400),
(101, 'Microsomal Ab', '< 35', 'IU/mL', 'Serum', 'Out Lab chem', 400),
(102, 'Phenobarbital', '15-40', 'mcg/mL', 'Serum', 'Out Lab chem', 240),
(103, 'PhenyItoin (Dilantin)', '10.0-20', 'mcg/mL', 'Serum', 'Out Lab chem', 300),
(104, 'Digoxin', '0.8-2.0', 'ng/mL', 'Serum', 'Out Lab chem', 240),
(105, 'Valproic (Depakin)', '50-100', 'mcg/mL', 'Serum', 'Out Lab chem', 300),
(106, 'Carbamazepine', '4.0-12', 'mcg/mL', 'Serum', 'Out Lab chem', 300),
(107, 'Vancomycin', '10.0-20', 'mcg/mL', 'Serum', 'Out Lab chem', 300),
(108, 'NT-ProBNP', '< 125', 'pg/mL', 'EDTA blood', 'Out Lab chem', 1300),
(109, 'Chromosome Study', 'no detect', NULL, 'Amniotic', 'Out Lab', NULL),
(110, 'Aldosterone', '6.0-22', 'ng/dL', 'Serum', 'Out Lab', NULL),
(111, 'Renin', '0.2-3.3', 'ng/mL/hr', 'EDTA plasma', 'Out Lab', NULL),
(112, 'Anti Smooth Muscle', 'negative', NULL, 'Serum', 'Out Lab', NULL),
(113, 'C-peptide', '0.5-2.0', 'ng/mL', 'Serum', 'Out Lab', NULL),
(114, 'JAK2 gene Mutation', 'no detect', NULL, 'EDTA blood', 'Out Lab', NULL),
(115, 'HLA-B*5801', 'no gene', NULL, 'EDTA blood', 'Out Lab', NULL),
(116, 'TSH Recceptor Ab', 'negative', NULL, 'Serum', 'Out Lab', NULL),
(117, 'ANA Profile', 'negative', NULL, 'Serum', 'Out Lab', NULL),
(118, 'Vitamin B12', '200-900', 'pg/mL', 'Serum (กันแสง)', 'Out Lab', NULL),
(119, 'Folate', '2.7-17', 'ng/mL', 'Serum (กันแสง)', 'Out Lab', NULL),
(120, 'Urine VMA', '< 13.6', 'mg/day', 'Urine 24 hrs', 'Out Lab', NULL),
(121, 'Chikungunya IgG/IgM', 'negative', NULL, 'Serum', 'Out Lab', NULL),
(122, 'Rheumatoid factor', '< 14', 'IU/mL', 'Serum', 'Out Lab Immuno', 210),
(123, 'C-Reactive Protein', '< 3', 'mg/L', 'Serum', 'Out Lab Immuno', 250),
(124, 'ASO', '< 200', 'IU/mL', 'Serum', 'Out Lab Immuno', 250),
(125, 'ANA(ANF).FANA', 'negative', NULL, 'Serum', 'Out Lab Immuno', 500),
(126, 'Anti ds DNA', 'negative', NULL, 'Serum', 'Out Lab Immuno', 260),
(127, 'Anti Smith', 'negative', NULL, 'Serum', 'Out Lab Immuno', 270),
(128, 'Beta-1-C/C3c', '90-180', 'mg/dL', 'Serum', 'Out Lab Immuno', 290),
(129, 'C4 Complement', '10.0-40', 'mg/dL', 'Serum', 'Out Lab Immuno', 300),
(130, 'Crypto Ag', 'negative', NULL, 'Serum/CSF', 'Out Lab Immuno', 270),
(131, 'Dengue Ag/Ab', 'negative', NULL, 'Serum', 'Out Lab Immuno', 540),
(132, 'Scrub typhus', 'negative', NULL, 'Serum', 'Out Lab Immuno', 200),
(133, 'Vitamin D', '20-50', 'ng/mL', 'Serum (กันแสง)', 'Out Lab Immuno', 900),
(134, 'HBV Viral load', 'not found virus', NULL, 'plasmaEDTA', 'Out Lab Immuno', 2400),
(135, 'HCV Viral load', 'not found virus', NULL, 'plasmaEDTA', 'Out Lab Immuno', 2700),
(136, 'HSV PCR', 'negative', NULL, 'EDTA/Fluid', 'Out Lab Immuno', 1400),
(137, 'CMV PCR', 'negative', NULL, 'Urine', 'Out Lab Immuno', 2500),
(138, 'TB PCR', 'negative', NULL, 'EDTA/other', 'Out Lab Immuno', 1200),
(139, 'Anti CCP', '< 20', 'U/mL', 'Serum', 'Out Lab Immuno', 1000),
(140, 'Anti Car IgG/IgM', 'negative', NULL, 'Serum', 'Out Lab Immuno', 400),
(141, 'Beta2 IgG/IgM', 'negative', NULL, 'Serum', 'Out Lab Immuno', 300),
(142, 'VDRL CSF', 'negative', NULL, 'CSF', 'Out Lab Immuno', 50),
(143, 'D-dimer', '0.5', 'mg/L', 'Citrate plasma', 'Out Lab hemato', 400),
(144, 'Lupus anticoagulant', 'negative', NULL, 'Citrate plasma', 'Out Lab hemato', 300),
(145, 'LE cell', 'negative', NULL, 'Serum', 'Out Lab hemato', 150),
(146, 'Fetal cell', 'negative', NULL, 'EDTA blood', 'Out Lab hemato', 80),
(147, 'OF Test', 'negative', NULL, 'EDTA', 'Out Lab hemato', 60),
(148, 'DCIP', 'negative', NULL, 'EDTA', 'Out Lab hemato', 70),
(149, 'G-6-PD', 'no G6PD deficiency', NULL, 'EDTA', 'Out Lab hemato', 70),
(150, 'Reticulocyte', '0.5-2.5', '%', 'EDTA', 'Out Lab hemato', 70),
(151, 'Inclusion body', 'not found Inclusion Bodies', NULL, 'EDTA', 'Out Lab hemato', 50),
(152, 'Heinz body', 'not found Heinz Bodies', NULL, 'EDTA', 'Out Lab hemato', 50),
(153, 'Hb Typing', 'HbA', NULL, 'EDTA', 'Out Lab hemato', 300),
(154, 'Anti Cardiolipin IgA', 'negative', NULL, 'Serum', 'Out Lab', NULL),
(155, 'Beta2Glycoprotein IgA', 'negative', NULL, 'Serum', 'Out Lab', NULL),
(156, 'Anti HAV Total', 'negative', NULL, 'Serum', 'Out Lab', NULL),
(157, 'Anti HAB IgG', 'Found immunity', NULL, 'Serum', 'Out Lab', NULL),
(158, 'Anti-HBe', 'positive', NULL, 'Serum', 'Out Lab', NULL),
(159, 'Anti thrombin III', '80-120', '%', 'Citrate plasma Freeze', 'Out Lab', NULL),
(160, 'Protein C', '70-140', '%', 'Citrate plasma Freeze', 'Out Lab', NULL),
(161, 'Protein S', '60-130', '%', 'Citrate plasma Freeze', 'Out Lab', NULL),
(162, 'Anti DNaseB', '< 375', 'IU/mL', 'Serum', 'Out Lab', NULL),
(163, 'TB culture', 'not found virus', NULL, 'Sputum/other', 'Out Lab', NULL);

-- Insert data into Items
INSERT INTO Items (Item_ID, Item_Name, Item_Type, Item_Price, Item_Quantity, Item_ExpDate, Item_DateUp)
VALUES
(1, 'Glucose Test Strips', 'Consumable', 50.00, 100, '2025-12-31', CURRENT_TIMESTAMP),
(2, 'Blood Collection Tube', 'Consumable', 20.00, 200, '2024-11-30', CURRENT_TIMESTAMP),
(3, 'Syringe', 'Consumable', 10.00, 150, '2026-05-01', CURRENT_TIMESTAMP),
(4, 'Alcohol Swabs', 'Consumable', 5.00, 300, '2025-08-15', CURRENT_TIMESTAMP),
(5, 'Cotton Balls', 'Consumable', 1.00, 500, '2025-10-20', CURRENT_TIMESTAMP);

-- Insert data into PackageItem
INSERT INTO PackageItem (PackageI_ID, PackageI_Name, PackageI_Type)
VALUES
(1, 'Lab Test Package 1', 'Lab'),
(2, 'Lab Test Package 2', 'Lab'),
(3, 'Lab Test Package 3', 'Lab'),
(4, 'Lab Test Package 4', 'Lab'),
(5, 'Lab Test Package 5', 'Lab');

-- Insert data into Package_Detail
INSERT INTO Package_Detail (PackageI_ID, Item_ID)
VALUES
(1, 1),
(1, 2),
(1, 3),
(2, 1),
(2, 2),
(2, 4),
(3, 1),
(3, 5),
(4, 2),
(4, 3),
(5, 4),
(5, 5);
